"","GEOID","NAME","pop","blk_tot","wht_tot","hsp_tot","aapi_tot","hhs","renter_hh","owner_hh","med_inc","year","pct_wht","pct_blk","pct_hsp","pct_aapi","rent_pct","tract"
"1",42101001400,"Census Tract 14, Philadelphia County, Pennsylvania",4100,1124,2530,53,260,2089,906,1589,48355,2020,61.7073170731707,27.4146341463415,1.29268292682927,6.34146341463415,43.3700335088559,"001400"
"2",42101002900,"Census Tract 29, Philadelphia County, Pennsylvania",3762,85,3018,544,252,1987,980,1267,48259,2020,80.2232854864434,2.25943646996279,14.4603934077618,6.69856459330144,49.3205837946653,"002900"
"3",42101004201,"Census Tract 42.01, Philadelphia County, Pennsylvania",5374,34,4043,79,1211,2166,526,1984,33137,2020,75.2326014142166,0.632675846669148,1.4700409378489,22.5344250093041,24.2843951985226,"004201"
"4",42101007800,"Census Tract 78, Philadelphia County, Pennsylvania",4066,716,2414,396,582,2051,1659,700,34583,2020,59.3703885882932,17.6094441711756,9.73930152484014,14.3138219380226,80.8873720136519,"007800"
"5",42101009100,"Census Tract 91, Philadelphia County, Pennsylvania",2722,957,811,145,778,1556,693,365,25375,2020,29.7942689199118,35.1579720793534,5.3269654665687,28.5819250551065,44.5372750642673,"009100"
"6",42101011500,"Census Tract 115, Philadelphia County, Pennsylvania",4358,3821,287,65,0,1583,291,1786,33374,2020,6.58558972005507,87.6778338687471,1.49150986691143,0,18.3828174352495,"011500"
"7",42101013200,"Census Tract 132, Philadelphia County, Pennsylvania",2643,1241,1062,323,159,1287,949,213,26658,2020,40.1816118047673,46.9542186908816,12.2209610291336,6.01589103291714,73.7373737373737,"013200"
"8",42101014600,"Census Tract 146, Philadelphia County, Pennsylvania",4208,2082,1338,130,562,1048,537,564,9585,2020,31.7965779467681,49.4771863117871,3.0893536121673,13.3555133079848,51.2404580152672,"014600"
"9",42101037700,"Census Tract 377, Philadelphia County, Pennsylvania",5100,2049,2135,829,327,1271,1045,94,8545,2020,41.8627450980392,40.1764705882353,16.2549019607843,6.41176470588235,82.2187254130606,"037700"
"10",42101017701,"Census Tract 177.01, Philadelphia County, Pennsylvania",3515,876,760,2276,39,1166,752,343,9129,2020,21.6216216216216,24.9217638691323,64.75106685633,1.10953058321479,64.4939965694683,"017701"
"11",42101019501,"Census Tract 195.01, Philadelphia County, Pennsylvania",4617,347,1634,4103,0,1670,419,695,9942,2020,35.3909465020576,7.51570283734026,88.8672298029023,0,25.0898203592814,"019501"
"12",42101021800,"Census Tract 218, Philadelphia County, Pennsylvania",5032,1272,3184,343,163,2390,2113,722,44609,2020,63.275039745628,25.2782193958665,6.81637519872814,3.23926868044515,88.4100418410042,"021800"
"13",42101024800,"Census Tract 248, Philadelphia County, Pennsylvania",2360,2181,79,65,0,769,167,767,17675,2020,3.34745762711864,92.4152542372881,2.75423728813559,0,21.7165149544863,"024800"
"14",42101027000,"Census Tract 270, Philadelphia County, Pennsylvania",2668,2268,245,41,125,905,304,878,34988,2020,9.18290854572714,85.0074962518741,1.53673163418291,4.68515742128935,33.5911602209945,"027000"
"15",42101028400,"Census Tract 284, Philadelphia County, Pennsylvania",3598,2957,285,300,216,1282,547,557,15149,2020,7.92106725958866,82.1845469705392,8.33796553640911,6.00333518621456,42.6677067082683,"028400"
"16",42101030501,"Census Tract 305.01, Philadelphia County, Pennsylvania",5348,3286,642,1517,264,1682,590,1388,24190,2020,12.0044876589379,61.4435302916978,28.3657442034405,4.93642483171279,35.077288941736,"030501"
"17",42101034100,"Census Tract 341, Philadelphia County, Pennsylvania",5310,451,3995,709,498,2497,948,1561,44393,2020,75.2354048964218,8.49340866290019,13.3521657250471,9.37853107344633,37.9655586704045,"034100"
"18",42101034900,"Census Tract 349, Philadelphia County, Pennsylvania",4959,1307,2740,1119,185,2030,692,1512,24750,2020,55.2530752167776,26.3561201855213,22.5650332728373,3.73059084492841,34.0886699507389,"034900"
"19",42101001002,"Census Tract 10.02, Philadelphia County, Pennsylvania",3158,84,2879,105,137,1800,811,1139,74212,2020,91.1652944901837,2.65991133628879,3.32488917036099,4.33818872704243,45.0555555555556,"001002"
"20",42101008601,"Census Tract 86.01, Philadelphia County, Pennsylvania",3355,776,1791,417,311,1479,1606,308,28519,2020,53.3830104321908,23.1296572280179,12.4292101341282,9.26974664679583,108.586883029074,"008601"
"21",42101010500,"Census Tract 105, Philadelphia County, Pennsylvania",4445,3987,299,309,85,1465,553,503,19664,2020,6.72665916760405,89.6962879640045,6.95163104611923,1.91226096737908,37.7474402730375,"010500"
"22",42101025800,"Census Tract 258, Philadelphia County, Pennsylvania",1789,1395,92,0,24,894,187,514,31523,2020,5.14253773057574,77.9765231973169,0,1.34153158188932,20.917225950783,"025800"
"23",42101980702,"Census Tract 9807.02, Philadelphia County, Pennsylvania",0,0,0,0,0,0,0,0,NA,2020,NA,NA,NA,NA,NA,"980702"
"24",42101000701,"Census Tract 7.01, Philadelphia County, Pennsylvania",1665,23,1349,78,293,1276,906,310,64856,2020,81.021021021021,1.38138138138138,4.68468468468468,17.5975975975976,71.0031347962382,"000701"
"25",42101000902,"Census Tract 9.02, Philadelphia County, Pennsylvania",2764,151,1905,143,486,1429,1024,260,43125,2020,68.9218523878437,5.46309696092619,5.17366136034732,17.5832127351664,71.6585024492652,"000902"
"26",42101001201,"Census Tract 12.01, Philadelphia County, Pennsylvania",4085,173,3365,232,242,2019,1453,1192,76754,2020,82.374541003672,4.23500611995104,5.67931456548348,5.92411260709914,71.9663199603764,"001201"
"27",42101001700,"Census Tract 17, Philadelphia County, Pennsylvania",3039,216,2215,144,37,1342,770,1045,79213,2020,72.8858177031918,7.1076011846002,4.73840078973346,1.21750575847318,57.3770491803279,"001700"
"28",42101002801,"Census Tract 28.01, Philadelphia County, Pennsylvania",4452,312,2119,1203,1232,1569,1105,945,29524,2020,47.596585804133,7.00808625336927,27.0215633423181,27.6729559748428,70.4270235818993,"002801"
"29",42101003701,"Census Tract 37.01, Philadelphia County, Pennsylvania",5617,3091,991,445,1043,2192,898,1449,25434,2020,17.6428698593555,55.0293751112694,7.92237849385793,18.5686309417839,40.9671532846715,"003701"
"30",42101036201,"Census Tract 362.01, Philadelphia County, Pennsylvania",5195,244,4539,557,0,1962,625,1854,40773,2020,87.3724735322426,4.69682386910491,10.7218479307026,0,31.855249745158,"036201"
"31",42101004202,"Census Tract 42.02, Philadelphia County, Pennsylvania",5763,168,4277,657,894,1898,604,1671,26857,2020,74.2148186708312,2.91514836022905,11.4003123373243,15.512753774076,31.8229715489989,"004202"
"32",42101006400,"Census Tract 64, Philadelphia County, Pennsylvania",4801,4112,306,49,147,1475,668,1096,17958,2020,6.37367215163508,85.6488231618413,1.02062070402,3.06186211205999,45.2881355932203,"006400"
"33",42101007200,"Census Tract 72, Philadelphia County, Pennsylvania",4578,4122,109,112,39,1588,662,782,23917,2020,2.38095238095238,90.0393184796854,2.44648318042813,0.851900393184797,41.6876574307305,"007200"
"34",42101008101,"Census Tract 81.01, Philadelphia County, Pennsylvania",3258,2975,283,9,0,984,545,617,21811,2020,8.68631062001228,91.3136893799877,0.276243093922652,0,55.3861788617886,"008101"
"35",42101009000,"Census Tract 90, Philadelphia County, Pennsylvania",6405,894,4104,449,1153,1004,1226,108,6197,2020,64.0749414519906,13.9578454332553,7.01014832162373,18.0015612802498,122.111553784861,"009000"
"36",42101009400,"Census Tract 94, Philadelphia County, Pennsylvania",3926,3686,80,105,0,1747,843,409,16477,2020,2.03769740193581,93.8869077941926,2.67447784004075,0,48.2541499713795,"009400"
"37",42101013401,"Census Tract 134.01, Philadelphia County, Pennsylvania",2790,275,2394,1,85,1702,656,781,64032,2020,85.8064516129032,9.85663082437276,0.03584229390681,3.04659498207885,38.5428907168038,"013401"
"38",42101015200,"Census Tract 152, Philadelphia County, Pennsylvania",5738,5302,341,245,73,2029,1447,718,19355,2020,5.94283722551412,92.401533635413,4.26978041129313,1.27222028581387,71.3159191720059,"015200"
"39",42101016702,"Census Tract 167.02, Philadelphia County, Pennsylvania",2378,2149,229,45,0,896,485,295,13284,2020,9.62994112699748,90.3700588730025,1.89234650967199,0,54.1294642857143,"016702"
"40",42101018001,"Census Tract 180.01, Philadelphia County, Pennsylvania",2358,49,2014,275,0,1026,484,802,33404,2020,85.4113655640373,2.07803223070399,11.6624257845632,0,47.1734892787524,"018001"
"41",42101019000,"Census Tract 190, Philadelphia County, Pennsylvania",7913,1045,1828,5849,345,2333,636,2029,21380,2020,23.1012258309112,13.2061165171237,73.9163401996714,4.3599140654619,27.2610372910416,"019000"
"42",42101020102,"Census Tract 201.02, Philadelphia County, Pennsylvania",3508,3435,42,175,0,1468,744,824,21797,2020,1.19726339794755,97.9190421892816,4.98859749144812,0,50.6811989100817,"020102"
"43",42101021000,"Census Tract 210, Philadelphia County, Pennsylvania",5401,612,4523,390,139,2385,2037,1633,45830,2020,83.7437511571931,11.3312349564895,7.22088502129235,2.57359748194779,85.4088050314465,"021000"
"44",42101038700,"Census Tract 387, Philadelphia County, Pennsylvania",2742,394,2075,56,182,790,341,662,32188,2020,75.6746900072939,14.3690736688549,2.04230488694384,6.63749088256747,43.1645569620253,"038700"
"45",42101024300,"Census Tract 243, Philadelphia County, Pennsylvania",4020,3331,447,29,75,1624,642,921,26678,2020,11.1194029850746,82.8606965174129,0.721393034825871,1.86567164179104,39.5320197044335,"024300"
"46",42101024900,"Census Tract 249, Philadelphia County, Pennsylvania",2529,2440,54,9,0,1086,211,622,15729,2020,2.13523131672598,96.4808224594701,0.355871886120996,0,19.4290976058932,"024900"
"47",42101026600,"Census Tract 266, Philadelphia County, Pennsylvania",6645,6231,32,151,0,2449,594,2367,25286,2020,0.481565086531226,93.7697516930023,2.27238525206922,0,24.2547978766844,"026600"
"48",42101027600,"Census Tract 276, Philadelphia County, Pennsylvania",4347,3858,23,247,78,1671,864,1190,26209,2020,0.529100529100529,88.7508626639061,5.68207959512307,1.79434092477571,51.705565529623,"027600"
"49",42101028300,"Census Tract 283, Philadelphia County, Pennsylvania",7386,5703,546,547,919,2310,1084,830,20305,2020,7.3923639317628,77.2136474411048,7.40590305984295,12.4424587056594,46.9264069264069,"028300"
"50",42101029400,"Census Tract 294, Philadelphia County, Pennsylvania",3811,1760,1085,1681,181,1154,524,589,14019,2020,28.4702177906061,46.1821044345316,44.1091577013907,4.74940960377854,45.4072790294627,"029400"
"51",42101030900,"Census Tract 309, Philadelphia County, Pennsylvania",4753,2096,1862,1079,300,1405,1473,1011,26457,2020,39.1752577319588,44.0984641279192,22.7014517147065,6.31180307174416,104.839857651246,"030900"
"52",42101031402,"Census Tract 314.02, Philadelphia County, Pennsylvania",6158,718,1864,1784,2166,1717,1064,1289,21826,2020,30.2695680415719,11.6596297499188,28.970444949659,35.1737577135434,61.9685497961561,"031402"
"53",42101031900,"Census Tract 319, Philadelphia County, Pennsylvania",5562,2251,2081,1493,156,1749,1151,1501,23930,2020,37.4145990650845,40.4710535778497,26.8428622797555,2.80474649406688,65.809033733562,"031900"
"54",42101033300,"Census Tract 333, Philadelphia County, Pennsylvania",3985,505,2993,432,286,1683,410,1046,32129,2020,75.1066499372647,12.67252195734,10.840652446675,7.17691342534504,24.3612596553773,"033300"
"55",42101036100,"Census Tract 361, Philadelphia County, Pennsylvania",3978,1284,2442,309,122,1398,872,1051,36579,2020,61.3876319758673,32.2775263951735,7.76772247360483,3.06686777275013,62.3748211731044,"036100"
"56",42101003800,"Census Tract 38, Philadelphia County, Pennsylvania",3912,37,3496,196,261,1590,439,1515,35353,2020,89.3660531697341,0.945807770961145,5.01022494887526,6.6717791411043,27.6100628930818,"003800"
"57",42101036700,"Census Tract 367, Philadelphia County, Pennsylvania",3121,325,2422,208,235,1406,1277,1029,74118,2020,77.6033322652996,10.4133290611983,6.66453059916693,7.5296379365588,90.8250355618777,"036700"
"58",42101005600,"Census Tract 56, Philadelphia County, Pennsylvania",1239,1080,72,14,4,634,630,61,26804,2020,5.81113801452785,87.1670702179177,1.12994350282486,0.322841000807102,99.3690851735016,"005600"
"59",42101012201,"Census Tract 122.01, Philadelphia County, Pennsylvania",2765,1444,748,80,411,1921,1313,0,32046,2020,27.0524412296564,52.2242314647378,2.89330922242315,14.8643761301989,68.3498178032275,"012201"
"60",42101035100,"Census Tract 351, Philadelphia County, Pennsylvania",4040,397,3304,123,180,2046,646,1194,40245,2020,81.7821782178218,9.82673267326733,3.04455445544554,4.45544554455445,31.5738025415445,"035100"
"61",42101013300,"Census Tract 133, Philadelphia County, Pennsylvania",3130,884,1806,173,236,1636,1716,496,55667,2020,57.6996805111821,28.2428115015974,5.52715654952077,7.53993610223642,104.889975550122,"013300"
"62",42101017400,"Census Tract 174, Philadelphia County, Pennsylvania",2570,2108,257,285,14,914,432,261,20577,2020,10,82.0233463035019,11.0894941634241,0.544747081712062,47.2647702407002,"017400"
"63",42101016001,"Census Tract 160.01, Philadelphia County, Pennsylvania",2330,198,2132,19,0,1072,422,1109,44496,2020,91.5021459227468,8.49785407725322,0.815450643776824,0,39.365671641791,"016001"
"64",42101001204,"Census Tract 12.04, Philadelphia County, Pennsylvania",3156,142,2567,207,268,1796,1302,582,61717,2020,81.3371356147021,4.49936628643853,6.55893536121673,8.49176172370089,72.4944320712695,"001204"
"65",42101020701,"Census Tract 207.01, Philadelphia County, Pennsylvania",4130,265,3420,171,203,1887,1069,1298,55074,2020,82.8087167070218,6.41646489104116,4.14043583535109,4.91525423728814,56.6507684154743,"020701"
"66",42101000101,"Census Tract 1.01, Philadelphia County, Pennsylvania",1879,98,1560,223,196,1258,1022,366,72901,2020,83.0228845130388,5.21554018094731,11.8680149015434,10.4310803618946,81.2400635930048,"000101"
"67",42101000806,"Census Tract 8.06, Philadelphia County, Pennsylvania",2149,22,1760,104,293,1479,1203,348,109145,2020,81.89855746859,1.02373196835738,4.83946021405305,13.6342484876687,81.3387423935091,"000806"
"68",42101001301,"Census Tract 13.01, Philadelphia County, Pennsylvania",1672,339,1163,48,60,703,366,751,74888,2020,69.5574162679426,20.2751196172249,2.87081339712919,3.58851674641148,52.0625889046942,"001301"
"69",42101980905,"Census Tract 9809.05, Philadelphia County, Pennsylvania",0,0,0,0,0,0,0,0,NA,2020,NA,NA,NA,NA,NA,"980905"
"70",42101010400,"Census Tract 104, Philadelphia County, Pennsylvania",3905,3009,160,77,0,1770,547,446,16446,2020,4.09731113956466,77.0550576184379,1.97183098591549,0,30.9039548022599,"010400"
"71",42101002100,"Census Tract 21, Philadelphia County, Pennsylvania",2321,1176,896,72,168,909,615,804,40332,2020,38.6040499784576,50.6678155967256,3.1021111589832,7.23825937096079,67.6567656765677,"002100"
"72",42101006700,"Census Tract 67, Philadelphia County, Pennsylvania",7215,5994,201,45,475,2685,1249,1470,21395,2020,2.78586278586279,83.0769230769231,0.623700623700624,6.58350658350658,46.5176908752328,"006700"
"73",42101012204,"Census Tract 122.04, Philadelphia County, Pennsylvania",3873,2827,627,161,198,1777,779,915,32356,2020,16.1890007745933,72.9925122643945,4.15698424993545,5.11231603408211,43.8379290939786,"012204"
"74",42101038500,"Census Tract 385, Philadelphia County, Pennsylvania",1793,56,1559,15,71,885,265,591,53125,2020,86.9492470719465,3.12325711098717,0.836586726157278,3.95984383714445,29.9435028248588,"038500"
"75",42101027401,"Census Tract 274.01, Philadelphia County, Pennsylvania",2798,1537,270,476,660,1061,495,887,25293,2020,9.64974982130093,54.9320943531094,17.012151536812,23.5882773409578,46.6540999057493,"027401"
"76",42101031700,"Census Tract 317, Philadelphia County, Pennsylvania",5200,932,2223,2142,462,2239,628,1913,20660,2020,42.75,17.9230769230769,41.1923076923077,8.88461538461539,28.0482358195623,"031700"
"77",42101035200,"Census Tract 352, Philadelphia County, Pennsylvania",4733,137,4398,322,132,2078,277,2280,41405,2020,92.9220367631523,2.89457004014367,6.80329600676104,2.78892879780266,13.330125120308,"035200"
"78",42101036501,"Census Tract 365.01, Philadelphia County, Pennsylvania",4799,538,3824,416,292,2078,967,1363,32307,2020,79.683267347364,11.2106688893519,8.66847259845801,6.08460095853303,46.5351299326275,"036501"
"79",42101001101,"Census Tract 11.01, Philadelphia County, Pennsylvania",4072,599,2746,189,387,2131,1488,822,39244,2020,67.4361493123772,14.7102161100196,4.64145383104126,9.50392927308448,69.8263725950258,"001101"
"80",42101008701,"Census Tract 87.01, Philadelphia County, Pennsylvania",3318,403,1819,231,801,1690,1973,351,35293,2020,54.8221820373719,12.1458710066305,6.9620253164557,24.1410488245931,116.745562130178,"008701"
"81",42101015700,"Census Tract 157, Philadelphia County, Pennsylvania",2556,153,1611,725,144,1108,584,900,38500,2020,63.0281690140845,5.98591549295775,28.3646322378717,5.63380281690141,52.7075812274368,"015700"
"82",42101017202,"Census Tract 172.02, Philadelphia County, Pennsylvania",3681,3630,14,0,0,1589,209,625,18750,2020,0.380331431676175,98.6145069274654,0,0,13.1529263687854,"017202"
"83",42101026900,"Census Tract 269, Philadelphia County, Pennsylvania",2268,1763,458,90,0,693,212,779,30754,2020,20.1940035273369,77.7336860670194,3.96825396825397,0,30.5916305916306,"026900"
"84",42101002000,"Census Tract 20, Philadelphia County, Pennsylvania",1882,1119,547,40,113,953,483,680,30464,2020,29.0648246546227,59.4580233793836,2.12539851222104,6.00425079702444,50.6820566631689,"002000"
"85",42101013601,"Census Tract 136.01, Philadelphia County, Pennsylvania",2864,158,2346,60,245,1443,847,1116,68169,2020,81.913407821229,5.51675977653631,2.09497206703911,8.55446927374302,58.6971586971587,"013601"
"86",42101013701,"Census Tract 137.01, Philadelphia County, Pennsylvania",1498,714,625,62,104,871,631,379,47002,2020,41.7222963951936,47.6635514018692,4.1388518024032,6.94259012016021,72.4454649827784,"013701"
"87",42101014202,"Census Tract 142.02, Philadelphia County, Pennsylvania",2399,56,1683,305,358,1273,1393,552,63566,2020,70.154230929554,2.33430596081701,12.7136306794498,14.922884535223,109.42655145326,"014202"
"88",42101980400,"Census Tract 9804, Philadelphia County, Pennsylvania",0,0,0,0,0,0,0,0,NA,2020,NA,NA,NA,NA,NA,"980400"
"89",42101000600,"Census Tract 6, Philadelphia County, Pennsylvania",1312,122,1003,103,164,868,914,39,71949,2020,76.4481707317073,9.29878048780488,7.85060975609756,12.5,105.299539170507,"000600"
"90",42101008702,"Census Tract 87.02, Philadelphia County, Pennsylvania",2601,302,1451,258,587,1366,1209,350,23689,2020,55.7862360630527,11.6109188773549,9.91926182237601,22.5682429834679,88.506588579795,"008702"
"91",42101014700,"Census Tract 147, Philadelphia County, Pennsylvania",2537,1156,903,197,180,1027,860,116,9271,2020,35.5932203389831,45.5656286953094,7.76507686243595,7.09499408750493,83.7390457643622,"014700"
"92",42101026500,"Census Tract 265, Philadelphia County, Pennsylvania",5217,4928,123,16,0,1561,596,1381,26113,2020,2.35767682576193,94.4604178646732,0.306689668391796,0,38.1806534272902,"026500"
"93",42101033702,"Census Tract 337.02, Philadelphia County, Pennsylvania",4359,394,2276,105,1354,1689,355,1845,31895,2020,52.213810506997,9.03877036017435,2.40880935994494,31.0621702225281,21.0183540556542,"033702"
"94",42101018801,"Census Tract 188.01, Philadelphia County, Pennsylvania",3972,289,1341,3080,0,1197,714,468,16089,2020,33.761329305136,7.27593152064451,77.5427995971803,0,59.6491228070175,"018801"
"95",42101013702,"Census Tract 137.02, Philadelphia County, Pennsylvania",3507,2522,917,160,51,1624,705,793,25781,2020,26.1477045908184,71.9133162246935,4.56230396350157,1.45423438836612,43.4113300492611,"013702"
"96",42101000500,"Census Tract 5, Philadelphia County, Pennsylvania",2826,865,1251,368,384,1015,929,74,35873,2020,44.2675159235669,30.6086341118188,13.0219391365888,13.588110403397,91.5270935960591,"000500"
"97",42101000300,"Census Tract 3, Philadelphia County, Pennsylvania",3586,200,2207,176,581,2057,1516,415,68690,2020,61.5448968209704,5.57724484104852,4.9079754601227,16.201896263246,73.6995624696159,"000300"
"98",42101003001,"Census Tract 30.01, Philadelphia County, Pennsylvania",3722,718,1401,211,1325,1518,1062,1074,30094,2020,37.6410531972058,19.2907039226222,5.66899516389038,35.5991402471789,69.9604743083004,"003001"
"99",42101006300,"Census Tract 63, Philadelphia County, Pennsylvania",4599,3679,154,386,409,1420,1132,503,21286,2020,3.34855403348554,79.9956512285279,8.39312894107415,8.89323766036095,79.7183098591549,"006300"
"100",42101014000,"Census Tract 140, Philadelphia County, Pennsylvania",3869,1973,1343,278,153,1564,1471,496,30572,2020,34.7118118376842,50.9950891703282,7.18531920392866,3.95451020935642,94.0537084398977,"014000"
"101",42101024200,"Census Tract 242, Philadelphia County, Pennsylvania",4077,3409,581,117,45,1871,641,1057,16281,2020,14.2506745155752,83.6154034829532,2.86975717439294,1.1037527593819,34.25975414217,"024200"
"102",42101028600,"Census Tract 286, Philadelphia County, Pennsylvania",6515,4183,512,1943,458,2353,1131,1645,17392,2020,7.85878741366078,64.2056792018419,29.823484267076,7.02993092862625,48.0662983425414,"028600"
"103",42101031502,"Census Tract 315.02, Philadelphia County, Pennsylvania",3758,831,1791,604,655,1255,506,1124,26903,2020,47.6583288983502,22.1128259712613,16.0723789249601,17.4294837679617,40.3187250996016,"031502"
"104",42101003902,"Census Tract 39.02, Philadelphia County, Pennsylvania",5682,0,5480,27,83,2270,586,2215,39659,2020,96.4449137627596,0,0.475184794086589,1.46075325589581,25.8149779735683,"003902"
"105",42101010200,"Census Tract 102, Philadelphia County, Pennsylvania",3404,3262,97,222,0,1321,459,695,23476,2020,2.84958871915394,95.828437132785,6.52173913043478,0,34.7464042392127,"010200"
"106",42101021600,"Census Tract 216, Philadelphia County, Pennsylvania",2394,364,1645,120,93,1160,934,535,48902,2020,68.7134502923977,15.2046783625731,5.0125313283208,3.88471177944862,80.5172413793103,"021600"
"107",42101034502,"Census Tract 345.02, Philadelphia County, Pennsylvania",5427,1067,3234,615,888,2313,1276,1174,30840,2020,59.5909342177999,19.6609544868251,11.3322277501382,16.3626312880044,55.1664504971898,"034502"
"108",42101000401,"Census Tract 4.01, Philadelphia County, Pennsylvania",2577,396,1580,101,478,1735,1138,477,54341,2020,61.3116026387272,15.3667054714785,3.91928599146294,18.5487000388048,65.5907780979827,"000401"
"109",42101015101,"Census Tract 151.01, Philadelphia County, Pennsylvania",1929,1786,111,87,8,694,220,251,20672,2020,5.7542768273717,92.5868325557284,4.51010886469673,0.414722654224987,31.700288184438,"015101"
"110",42101980903,"Census Tract 9809.03, Philadelphia County, Pennsylvania",0,0,0,0,0,0,0,0,NA,2020,NA,NA,NA,NA,NA,"980903"
"111",42101014900,"Census Tract 149, Philadelphia County, Pennsylvania",4091,3216,477,504,32,1645,1062,594,16596,2020,11.6597408946468,78.6115864091909,12.319726228306,0.782204839892447,64.5592705167173,"014900"
"112",42101027500,"Census Tract 275, Philadelphia County, Pennsylvania",4801,3595,509,1204,267,1651,404,1653,32737,2020,10.6019579254322,74.8802332847323,25.0781087273485,5.561341387211,24.4700181708056,"027500"
"113",42101020800,"Census Tract 208, Philadelphia County, Pennsylvania",2432,685,1343,156,235,1283,696,390,40750,2020,55.2220394736842,28.1661184210526,6.41447368421053,9.66282894736842,54.2478565861263,"020800"
"114",42101036901,"Census Tract 369.01, Philadelphia County, Pennsylvania",0,0,0,0,0,0,0,0,NA,2020,NA,NA,NA,NA,NA,"036901"
"115",42101001900,"Census Tract 19, Philadelphia County, Pennsylvania",3995,1201,2223,216,391,1583,1370,1339,56523,2020,55.6445556946183,30.0625782227785,5.40675844806008,9.78723404255319,86.5445356917246,"001900"
"116",42101002500,"Census Tract 25, Philadelphia County, Pennsylvania",4199,731,2676,408,569,1911,642,1353,45424,2020,63.7294593950941,17.4089068825911,9.7165991902834,13.5508454393903,33.5949764521193,"002500"
"117",42101003702,"Census Tract 37.02, Philadelphia County, Pennsylvania",3922,1802,789,182,1111,1235,805,765,25310,2020,20.1172870984192,45.945945945946,4.64048954614992,28.3273839877613,65.1821862348178,"003702"
"118",42101007300,"Census Tract 73, Philadelphia County, Pennsylvania",3146,2501,457,25,112,1147,454,909,26360,2020,14.5263827082009,79.4977749523204,0.794659885568976,3.56007628734901,39.5815170008718,"007300"
"119",42101016300,"Census Tract 163, Philadelphia County, Pennsylvania",3204,386,1090,2483,82,927,614,245,12335,2020,34.019975031211,12.0474406991261,77.4968789013733,2.55930087390762,66.235167206041,"016300"
"120",42101017800,"Census Tract 178, Philadelphia County, Pennsylvania",6408,2010,2202,2578,36,2360,912,1202,19868,2020,34.3632958801498,31.3670411985019,40.230961298377,0.561797752808989,38.6440677966102,"017800"
"121",42101023800,"Census Tract 238, Philadelphia County, Pennsylvania",4744,3449,981,203,20,1828,834,1626,34606,2020,20.6787521079258,72.7023608768971,4.27908937605396,0.421585160202361,45.6236323851204,"023800"
"122",42101028800,"Census Tract 288, Philadelphia County, Pennsylvania",5001,898,1250,3073,606,1651,370,1354,19723,2020,24.9950009998,17.9564087182563,61.4477104579084,12.1175764847031,22.4106602059358,"028800"
"123",42101031200,"Census Tract 312, Philadelphia County, Pennsylvania",5146,3060,1177,1394,448,1631,928,1274,24002,2020,22.8721336960746,59.4636610959969,27.0890011659541,8.70579090555771,56.8976088289393,"031200"
"124",42101010600,"Census Tract 106, Philadelphia County, Pennsylvania",1668,1368,101,45,100,646,306,179,11836,2020,6.05515587529976,82.0143884892086,2.69784172661871,5.99520383693046,47.3684210526316,"010600"
"125",42101010100,"Census Tract 101, Philadelphia County, Pennsylvania",6332,6133,115,19,0,2283,1067,1348,24611,2020,1.8161718256475,96.8572331017056,0.300063171193936,0,46.736749890495,"010100"
"126",42101010800,"Census Tract 108, Philadelphia County, Pennsylvania",4178,3244,327,173,159,1679,917,510,23214,2020,7.82671134514122,77.6448061273337,4.14073719483006,3.80564863571087,54.6158427635497,"010800"
"127",42101011200,"Census Tract 112, Philadelphia County, Pennsylvania",5949,5562,199,299,0,1897,710,633,21578,2020,3.34510001680955,93.4947049924357,5.0260547991259,0,37.4275171323142,"011200"
"128",42101011300,"Census Tract 113, Philadelphia County, Pennsylvania",3387,3297,90,49,0,1164,354,972,22039,2020,2.65721877767936,97.3427812223206,1.44670800118099,0,30.4123711340206,"011300"
"129",42101011400,"Census Tract 114, Philadelphia County, Pennsylvania",6907,6659,132,65,13,3033,1277,1392,23683,2020,1.91110467641523,96.4094396988562,0.941074272477197,0.188214854495439,42.1035278602044,"011400"
"130",42101012100,"Census Tract 121, Philadelphia County, Pennsylvania",3257,2431,607,100,122,1534,657,522,27550,2020,18.6367823150138,74.6392385630949,3.07031010132023,3.74577832361068,42.8292046936115,"012100"
"131",42101013100,"Census Tract 131, Philadelphia County, Pennsylvania",1752,970,590,49,99,865,697,136,25844,2020,33.675799086758,55.365296803653,2.79680365296804,5.65068493150685,80.5780346820809,"013100"
"132",42101013402,"Census Tract 134.02, Philadelphia County, Pennsylvania",2887,148,2445,214,113,1709,1683,460,53037,2020,84.6899896085902,5.12642881884309,7.41253896778663,3.91409767925182,98.478642480983,"013402"
"133",42101013900,"Census Tract 139, Philadelphia County, Pennsylvania",1797,974,656,276,0,743,490,277,22542,2020,36.505286588759,54.2014468558709,15.3589315525876,0,65.9488559892328,"013900"
"134",42101015800,"Census Tract 158, Philadelphia County, Pennsylvania",7308,207,6345,810,185,3076,1738,2930,46286,2020,86.8226600985222,2.83251231527094,11.0837438423645,2.53147235905857,56.5019505851755,"015800"
"135",42101016400,"Census Tract 164, Philadelphia County, Pennsylvania",4410,1621,858,2416,212,1653,754,595,11843,2020,19.4557823129252,36.7573696145125,54.7845804988662,4.80725623582766,45.6140350877193,"016400"
"136",42101016800,"Census Tract 168, Philadelphia County, Pennsylvania",2871,2794,20,15,0,1631,266,332,14123,2020,0.696621386276559,97.3180076628352,0.522466039707419,0,16.3090128755365,"016800"
"137",42101017000,"Census Tract 170, Philadelphia County, Pennsylvania",3217,2380,589,137,45,1380,845,290,21813,2020,18.3089835250233,73.98197078023,4.25862604911408,1.39881877525645,61.231884057971,"017000"
"138",42101037900,"Census Tract 379, Philadelphia County, Pennsylvania",4696,8,4289,483,64,2308,680,1791,40139,2020,91.3330494037479,0.170357751277683,10.2853492333901,1.36286201022147,29.4627383015598,"037900"
"139",42101019100,"Census Tract 191, Philadelphia County, Pennsylvania",8167,1236,2770,5356,849,2706,689,2357,25006,2020,33.9169829802865,15.1340761601567,65.5809966940125,10.3954940614669,25.4619364375462,"019100"
"140",42101020101,"Census Tract 201.01, Philadelphia County, Pennsylvania",3196,2810,197,194,87,1648,786,126,14187,2020,6.1639549436796,87.9224030037547,6.07008760951189,2.72215269086358,47.6941747572816,"020101"
"141",42101020500,"Census Tract 205, Philadelphia County, Pennsylvania",2210,2039,46,61,109,1275,289,379,18117,2020,2.0814479638009,92.262443438914,2.76018099547511,4.93212669683258,22.6666666666667,"020500"
"142",42101021300,"Census Tract 213, Philadelphia County, Pennsylvania",3319,329,2772,127,63,1499,1198,1118,51339,2020,83.5191322687556,9.91262428442302,3.82645375112986,1.89816209701717,79.9199466310874,"021300"
"143",42101023700,"Census Tract 237, Philadelphia County, Pennsylvania",4669,2624,1713,107,50,2018,978,1229,45140,2020,36.6887984579139,56.2004711929749,2.29171128721354,1.07089312486614,48.4638255698712,"023700"
"144",42101023900,"Census Tract 239, Philadelphia County, Pennsylvania",1594,923,444,53,93,1029,537,142,34707,2020,27.8544542032622,57.9046424090339,3.32496863237139,5.83437892095358,52.1865889212828,"023900"
"145",42101025200,"Census Tract 252, Philadelphia County, Pennsylvania",8502,7833,395,357,49,3138,1121,1675,20282,2020,4.64596565513997,92.1312632321807,4.19901199717714,0.576334980004705,35.72339069471,"025200"
"146",42101026100,"Census Tract 261, Philadelphia County, Pennsylvania",3263,3150,84,21,0,1274,328,870,27736,2020,2.57431811216672,96.5369292062519,0.643579528041679,0,25.74568288854,"026100"
"147",42101026302,"Census Tract 263.02, Philadelphia County, Pennsylvania",4629,4330,253,104,45,1870,624,1636,32310,2020,5.46554331389069,93.5407215381292,2.24670555195507,0.972132209980557,33.3689839572192,"026302"
"148",42101027300,"Census Tract 273, Philadelphia County, Pennsylvania",5598,3807,347,218,989,2288,1185,1591,26571,2020,6.19864237227581,68.0064308681672,3.89424794569489,17.6670239371204,51.791958041958,"027300"
"149",42101027700,"Census Tract 277, Philadelphia County, Pennsylvania",4935,4448,76,23,133,2195,408,1629,20570,2020,1.54002026342452,90.1317122593718,0.466058763931104,2.69503546099291,18.5876993166287,"027700"
"150",42101027902,"Census Tract 279.02, Philadelphia County, Pennsylvania",4557,2646,1416,339,198,989,613,451,10365,2020,31.0730743910467,58.0645161290323,7.43910467412771,4.3449637919684,61.9817997977755,"027902"
"151",42101029200,"Census Tract 292, Philadelphia County, Pennsylvania",4881,2224,867,1718,263,1322,240,1694,19342,2020,17.7627535341119,45.5644335177218,35.1977053882401,5.38824011473059,18.1543116490166,"029200"
"152",42101030100,"Census Tract 301, Philadelphia County, Pennsylvania",6225,3258,1280,1749,457,2194,939,1292,22607,2020,20.5622489959839,52.3373493975904,28.0963855421687,7.34136546184739,42.7985414767548,"030100"
"153",42101030700,"Census Tract 307, Philadelphia County, Pennsylvania",4421,1982,1575,871,282,1641,1234,879,30119,2020,35.6254241121918,44.8314860891201,19.7014250169645,6.37864736484958,75.1980499695308,"030700"
"154",42101031401,"Census Tract 314.01, Philadelphia County, Pennsylvania",7691,1443,2961,1829,1485,1988,2033,1164,19350,2020,38.4995449226368,18.7621895722273,23.7810427772721,19.3082824080094,102.263581488934,"031401"
"155",42101032000,"Census Tract 320, Philadelphia County, Pennsylvania",7941,1133,5092,2155,216,2473,969,1928,28109,2020,64.1229064349578,14.2677244679511,27.1376400957058,2.72006044578768,39.1831783259199,"032000"
"156",42101032900,"Census Tract 329, Philadelphia County, Pennsylvania",3695,658,2112,866,412,1748,735,770,25087,2020,57.1583220568336,17.807848443843,23.4370771312585,11.1502029769959,42.0480549199085,"032900"
"157",42101033400,"Census Tract 334, Philadelphia County, Pennsylvania",5551,1305,2638,330,1328,1974,749,1467,25009,2020,47.5229688344442,23.5092776076383,5.94487479733381,23.9236173662403,37.9432624113475,"033400"
"158",42101033701,"Census Tract 337.01, Philadelphia County, Pennsylvania",7661,1541,4554,1669,872,2446,1841,1364,24763,2020,59.4439368228691,20.1148675107688,21.7856676674063,11.3823260670931,75.2657399836468,"033701"
"159",42101033900,"Census Tract 339, Philadelphia County, Pennsylvania",2893,769,1740,177,235,1347,377,954,34522,2020,60.1451780159004,26.581403387487,6.11821638437608,8.12305565157276,27.9881217520416,"033900"
"160",42101034000,"Census Tract 340, Philadelphia County, Pennsylvania",3055,246,2558,468,234,1171,129,1444,45583,2020,83.7315875613748,8.05237315875614,15.3191489361702,7.65957446808511,11.0162254483348,"034000"
"161",42101034600,"Census Tract 346, Philadelphia County, Pennsylvania",2617,770,1280,642,208,1180,945,378,28092,2020,48.9109667558273,29.4230034390523,24.5319067634696,7.94803209782193,80.0847457627119,"034600"
"162",42101034802,"Census Tract 348.02, Philadelphia County, Pennsylvania",5765,1707,3702,716,0,2266,1223,1340,33760,2020,64.2150910667823,29.6097137901128,12.419774501301,0,53.9717563989409,"034802"
"163",42101035500,"Census Tract 355, Philadelphia County, Pennsylvania",7717,489,5838,259,706,2967,738,2352,34410,2020,75.6511597771155,6.33665932357134,3.35622651289361,9.14863288842815,24.8736097067745,"035500"
"164",42101035602,"Census Tract 356.02, Philadelphia County, Pennsylvania",3602,45,2578,273,912,1258,217,1448,35058,2020,71.5713492504164,1.24930594114381,7.57912270960577,25.3192670738479,17.2496025437202,"035602"
"165",42101035800,"Census Tract 358, Philadelphia County, Pennsylvania",6652,326,4434,238,1323,2242,400,2227,29630,2020,66.65664461816,4.90078171978352,3.57787131689717,19.8887552615755,17.8412132024978,"035800"
"166",42101036202,"Census Tract 362.02, Philadelphia County, Pennsylvania",6171,378,4981,444,574,2328,421,2500,39750,2020,80.7162534435262,6.12542537676228,7.19494409333982,9.30157186841679,18.0841924398625,"036202"
"167",42101001800,"Census Tract 18, Philadelphia County, Pennsylvania",3081,542,2281,47,173,1593,1127,907,61928,2020,74.0344044141512,17.5916910094125,1.52547874066861,5.61506004543979,70.7470182046453,"001800"
"168",42101002400,"Census Tract 24, Philadelphia County, Pennsylvania",4892,392,3790,473,465,2446,1769,1401,41800,2020,77.4734260016353,8.0130825838103,9.66884709730172,9.50531479967294,72.3221586263287,"002400"
"169",42101002701,"Census Tract 27.01, Philadelphia County, Pennsylvania",4098,428,2864,785,429,1784,1178,1248,41288,2020,69.8877501220107,10.4441190824793,19.1556857003416,10.4685212298682,66.0313901345291,"002701"
"170",42101035301,"Census Tract 353.01, Philadelphia County, Pennsylvania",5487,130,4640,737,127,2067,619,2399,39902,2020,84.5635137597959,2.36923637689083,13.4317477674503,2.31456169127028,29.9467827769715,"035301"
"171",42101004002,"Census Tract 40.02, Philadelphia County, Pennsylvania",5247,199,4205,86,569,2248,877,1930,35750,2020,80.1410329712216,3.79264341528493,1.63903182771107,10.8442919763674,39.0124555160142,"004002"
"172",42101005500,"Census Tract 55, Philadelphia County, Pennsylvania",6172,4726,878,438,120,2593,1327,1539,26988,2020,14.2255346727155,76.5716137394686,7.09656513285807,1.94426441996111,51.1762437331276,"005500"
"173",42101006500,"Census Tract 65, Philadelphia County, Pennsylvania",3867,3797,15,0,0,1552,574,836,25591,2020,0.387897595034911,98.1898112231704,0,0,36.9845360824742,"006500"
"174",42101007102,"Census Tract 71.02, Philadelphia County, Pennsylvania",4476,4042,241,368,0,1587,599,888,16959,2020,5.38427167113494,90.3038427167113,8.22162645218945,0,37.7441713925646,"007102"
"175",42101008200,"Census Tract 82, Philadelphia County, Pennsylvania",6202,5904,207,316,0,2648,1039,1343,25330,2020,3.33763302160593,95.1950983553692,5.09513060303128,0,39.2371601208459,"008200"
"176",42101008400,"Census Tract 84, Philadelphia County, Pennsylvania",4864,4264,67,44,44,1665,820,1229,22314,2020,1.37746710526316,87.6644736842105,0.904605263157895,0.904605263157895,49.2492492492492,"008400"
"177",42101009300,"Census Tract 93, Philadelphia County, Pennsylvania",4890,4282,236,152,212,1991,586,1263,21586,2020,4.82617586912065,87.5664621676892,3.10838445807771,4.33537832310838,29.4324460070316,"009300"
"178",42101036600,"Census Tract 366, Philadelphia County, Pennsylvania",2132,140,1658,370,151,1134,940,510,93367,2020,77.7673545966229,6.56660412757974,17.3545966228893,7.08255159474672,82.8924162257496,"036600"
"179",42101001600,"Census Tract 16, Philadelphia County, Pennsylvania",2481,123,2174,100,99,1219,954,760,65658,2020,87.6259572752922,4.95767835550181,4.03063280935107,3.99032648125756,78.2608695652174,"001600"
"180",42101980600,"Census Tract 9806, Philadelphia County, Pennsylvania",0,0,0,0,0,0,0,0,NA,2020,NA,NA,NA,NA,NA,"980600"
"181",42101037800,"Census Tract 378, Philadelphia County, Pennsylvania",2352,26,2155,158,31,1150,713,763,48638,2020,91.6241496598639,1.10544217687075,6.71768707482993,1.31802721088435,62,"037800"
"182",42101023100,"Census Tract 231, Philadelphia County, Pennsylvania",1286,22,1225,48,4,525,212,454,57073,2020,95.2566096423017,1.71073094867807,3.73250388802488,0.31104199066874,40.3809523809524,"023100"
"183",42101989100,"Census Tract 9891, Philadelphia County, Pennsylvania",1631,1189,291,243,37,0,0,0,11157,2020,17.841814837523,72.9000613120785,14.8988350705089,2.26854690374004,NA,"989100"
"184",42101011700,"Census Tract 117, Philadelphia County, Pennsylvania",1956,731,876,38,293,326,57,361,18516,2020,44.7852760736196,37.3721881390593,1.94274028629857,14.9795501022495,17.4846625766871,"011700"
"185",42101014800,"Census Tract 148, Philadelphia County, Pennsylvania",722,569,19,12,99,364,131,70,10571,2020,2.63157894736842,78.808864265928,1.66204986149584,13.7119113573407,35.989010989011,"014800"
"186",42101033200,"Census Tract 332, Philadelphia County, Pennsylvania",2951,131,1652,449,858,1029,268,1095,33068,2020,55.9810233819044,4.43917316164012,15.2151812944764,29.0748898678414,26.044703595724,"033200"
"187",42101023500,"Census Tract 235, Philadelphia County, Pennsylvania",1358,468,859,1,1,587,194,454,43472,2020,63.2547864506627,34.4624447717231,0.0736377025036819,0.0736377025036819,33.0494037478705,"023500"
"188",42101039002,"Census Tract 390.02, Philadelphia County, Pennsylvania",4745,2360,1074,2086,17,1548,423,1580,45017,2020,22.6343519494204,49.736564805058,43.9620653319283,0.35827186512118,27.3255813953488,"039002"
"189",42101020702,"Census Tract 207.02, Philadelphia County, Pennsylvania",1781,259,1275,85,94,627,187,567,33234,2020,71.5889949466592,14.5423919146547,4.77259966311061,5.27793374508703,29.8245614035088,"020702"
"190",42101012502,"Census Tract 125.02, Philadelphia County, Pennsylvania",3467,378,2090,230,856,2401,2012,401,63859,2020,60.282665128353,10.9027978079031,6.63397750216325,24.689933660225,83.7984173261141,"012502"
"191",42101012501,"Census Tract 125.01, Philadelphia County, Pennsylvania",2182,265,1469,93,364,1126,977,0,34566,2020,67.3235563703025,12.1448212648946,4.26214482126489,16.6819431714024,86.7673179396092,"012501"
"192",42101001203,"Census Tract 12.03, Philadelphia County, Pennsylvania",1827,37,1596,224,109,1070,861,345,61901,2020,87.3563218390805,2.02517788724685,12.2605363984674,5.96606458675424,80.4672897196262,"001203"
"193",42101000702,"Census Tract 7.02, Philadelphia County, Pennsylvania",2114,218,1076,190,648,1483,1395,141,49137,2020,50.8987701040681,10.3122043519395,8.98770104068117,30.6527909176916,94.0660822656777,"000702"
"194",42101980906,"Census Tract 9809.06, Philadelphia County, Pennsylvania",0,0,0,0,0,0,0,0,NA,2020,NA,NA,NA,NA,NA,"980906"
"195",42101025900,"Census Tract 259, Philadelphia County, Pennsylvania",4400,4175,76,18,13,1928,256,1485,25598,2020,1.72727272727273,94.8863636363636,0.409090909090909,0.295454545454545,13.2780082987552,"025900"
"196",42101034801,"Census Tract 348.01, Philadelphia County, Pennsylvania",4739,192,4293,277,186,2030,1036,1223,26759,2020,90.5887317999578,4.05148765562355,5.84511500316523,3.92487866638531,51.0344827586207,"034801"
"197",42101026400,"Census Tract 264, Philadelphia County, Pennsylvania",5728,5646,82,22,0,2183,1195,1323,30552,2020,1.43156424581006,98.5684357541899,0.384078212290503,0,54.7411818598259,"026400"
"198",42101026800,"Census Tract 268, Philadelphia County, Pennsylvania",4408,3579,405,346,62,1894,1187,586,25108,2020,9.18784029038112,81.1932849364791,7.84936479128857,1.4065335753176,62.6715945089757,"026800"
"199",42101027402,"Census Tract 274.02, Philadelphia County, Pennsylvania",7739,4341,977,2448,492,2376,561,2205,22491,2020,12.6243700736529,56.0925184132317,31.6319937976483,6.3574105181548,23.6111111111111,"027402"
"200",42101027800,"Census Tract 278, Philadelphia County, Pennsylvania",4473,4258,137,51,35,1752,745,983,23535,2020,3.06282137268053,95.1933825173262,1.140174379611,0.782472613458529,42.5228310502283,"027800"
"201",42101027901,"Census Tract 279.01, Philadelphia County, Pennsylvania",3806,3504,75,77,20,1322,598,1049,25645,2020,1.97057277982133,92.0651602732528,2.02312138728324,0.525486074619023,45.2344931921331,"027901"
"202",42101028200,"Census Tract 282, Philadelphia County, Pennsylvania",4484,3667,147,190,597,2044,667,941,23782,2020,3.27832292595897,81.7796610169492,4.23728813559322,13.314005352364,32.6320939334638,"028200"
"203",42101029000,"Census Tract 290, Philadelphia County, Pennsylvania",8010,2534,1043,3412,1484,2036,1211,1679,19463,2020,13.0212234706617,31.6354556803995,42.5967540574282,18.5268414481898,59.4793713163065,"029000"
"204",42101029100,"Census Tract 291, Philadelphia County, Pennsylvania",4824,1386,515,1403,1011,2304,853,740,12199,2020,10.6757877280265,28.7313432835821,29.0837479270315,20.9577114427861,37.0225694444444,"029100"
"205",42101030000,"Census Tract 300, Philadelphia County, Pennsylvania",7376,4367,1572,1964,101,2453,837,1241,19502,2020,21.3123644251627,59.2055314533623,26.6268980477223,1.36930585683297,34.1214838972687,"030000"
"206",42101030200,"Census Tract 302, Philadelphia County, Pennsylvania",8835,4681,2164,2636,193,2734,804,2689,25126,2020,24.4934917940011,52.9824561403509,29.8358800226372,2.184493491794,29.407461594733,"030200"
"207",42101030502,"Census Tract 305.02, Philadelphia County, Pennsylvania",7702,3684,1528,1475,416,1801,485,2015,23404,2020,19.8390028564009,47.8317320176577,19.1508699039211,5.40119449493638,26.929483620211,"030502"
"208",42101030800,"Census Tract 308, Philadelphia County, Pennsylvania",5727,1174,2634,1225,858,1965,730,1719,29037,2020,45.9926663174437,20.499388859787,21.3899074559106,14.9816657936092,37.1501272264631,"030800"
"209",42101031102,"Census Tract 311.02, Philadelphia County, Pennsylvania",4709,2135,928,2034,369,1253,366,1273,22129,2020,19.706944149501,45.3387131025695,43.1938840518157,7.8360586111701,29.2098962490024,"031102"
"210",42101031300,"Census Tract 313, Philadelphia County, Pennsylvania",7692,1537,2752,1765,1459,2305,1810,1283,23956,2020,35.7774310972439,19.9817992719709,22.9459178367135,18.9677587103484,78.5249457700651,"031300"
"211",42101031600,"Census Tract 316, Philadelphia County, Pennsylvania",6553,1690,3687,1121,635,2045,1560,1390,30336,2020,56.2643064245384,25.7897146345185,17.1066687013582,9.69021822066229,76.2836185819071,"031600"
"212",42101031800,"Census Tract 318, Philadelphia County, Pennsylvania",4305,1860,1266,1206,237,1650,889,1412,33785,2020,29.4076655052265,43.205574912892,28.01393728223,5.50522648083624,53.8787878787879,"031800"
"213",42101032100,"Census Tract 321, Philadelphia County, Pennsylvania",3686,773,1998,1398,39,1528,868,848,30180,2020,54.2051003798155,20.971242539338,37.927292457949,1.05805751492132,56.8062827225131,"032100"
"214",42101032500,"Census Tract 325, Philadelphia County, Pennsylvania",5943,1246,2974,1187,621,2304,462,1571,25034,2020,50.0420662964833,20.9658421672556,19.9730775702507,10.4492680464412,20.0520833333333,"032500"
"215",42101033000,"Census Tract 330, Philadelphia County, Pennsylvania",9169,1820,4928,2638,569,2931,1538,1877,22493,2020,53.7463191187698,19.8494928563638,28.7708583269713,6.20569309630276,52.4735585124531,"033000"
"216",42101033500,"Census Tract 335, Philadelphia County, Pennsylvania",3801,877,1768,448,738,1379,789,900,25639,2020,46.514075243357,23.0728755590634,11.7863720073665,19.4159431728492,57.2153734590283,"033500"
"217",42101033600,"Census Tract 336, Philadelphia County, Pennsylvania",7028,1489,4184,688,1176,2485,1286,1407,27969,2020,59.5332953898691,21.1866818440524,9.78941377347752,16.7330677290837,51.7505030181087,"033600"
"218",42101035302,"Census Tract 353.02, Philadelphia County, Pennsylvania",4569,433,3367,392,205,1740,621,1313,32049,2020,73.6922740205734,9.47690960822937,8.57955789012913,4.4867585905012,35.6896551724138,"035302"
"219",42101034702,"Census Tract 347.02, Philadelphia County, Pennsylvania",3493,339,2521,351,313,1317,196,1601,42833,2020,72.1729172630976,9.70512453478385,10.0486687661036,8.96077870025766,14.8823082763857,"034702"
"220",42101036203,"Census Tract 362.03, Philadelphia County, Pennsylvania",4827,146,4381,356,122,1818,145,2007,37913,2020,90.7603066086596,3.02465299357779,7.3751812720116,2.52744976175678,7.97579757975798,"036203"
"221",42101017602,"Census Tract 176.02, Philadelphia County, Pennsylvania",4220,612,870,3164,296,1239,693,264,10465,2020,20.6161137440758,14.5023696682464,74.9763033175355,7.01421800947867,55.9322033898305,"017602"
"222",42101017300,"Census Tract 173, Philadelphia County, Pennsylvania",2547,2114,75,286,2,1145,96,558,15912,2020,2.94464075382803,82.9996073812328,11.2288967412642,0.0785237534354142,8.38427947598253,"017300"
"223",42101017702,"Census Tract 177.02, Philadelphia County, Pennsylvania",4705,922,1081,3513,0,1421,571,611,11122,2020,22.9755579171095,19.596174282678,74.6652497343252,0,40.18296973962,"017702"
"224",42101017900,"Census Tract 179, Philadelphia County, Pennsylvania",6111,1216,2294,2827,24,2318,992,1443,25913,2020,37.5388643429881,19.8985436098838,46.2608411062019,0.39273441335297,42.7955133735979,"017900"
"225",42101018400,"Census Tract 184, Philadelphia County, Pennsylvania",2377,1,2335,126,14,858,105,979,32279,2020,98.2330668910391,0.0420698359276399,5.30079932688262,0.588977702986958,12.2377622377622,"018400"
"226",42101038200,"Census Tract 382, Philadelphia County, Pennsylvania",3039,704,1643,754,59,1126,266,697,20940,2020,54.0638367884172,23.1655149720303,24.8107930240211,1.94142810134913,23.6234458259325,"038200"
"227",42101019200,"Census Tract 192, Philadelphia County, Pennsylvania",8652,1693,2147,5969,391,2512,874,1130,14531,2020,24.8150716597319,19.5677300046232,68.9898289412853,4.51918631530282,34.7929936305732,"019200"
"228",42101019700,"Census Tract 197, Philadelphia County, Pennsylvania",6778,1807,1681,4503,330,2153,1416,797,12883,2020,24.8008262024196,26.6597816465034,66.4355267040425,4.86869282974329,65.7686948444032,"019700"
"229",42101019900,"Census Tract 199, Philadelphia County, Pennsylvania",4811,1886,832,3351,0,1601,1178,500,18125,2020,17.29370193307,39.2018291415506,69.6528788193723,0,73.579013116802,"019900"
"230",42101020300,"Census Tract 203, Philadelphia County, Pennsylvania",3207,2815,64,343,12,1094,371,1026,19167,2020,1.99563454942314,87.7767383847833,10.6953539133146,0.374181478016838,33.9122486288848,"020300"
"231",42101020400,"Census Tract 204, Philadelphia County, Pennsylvania",3127,2780,87,295,0,1140,451,425,13186,2020,2.78221937959706,88.9031020147106,9.43396226415094,0,39.5614035087719,"020400"
"232",42101020900,"Census Tract 209, Philadelphia County, Pennsylvania",3058,301,2586,264,42,1345,1320,864,41125,2020,84.5650752125572,9.84303466317855,8.63309352517986,1.3734466971877,98.1412639405204,"020900"
"233",42101021500,"Census Tract 215, Philadelphia County, Pennsylvania",3903,541,3120,94,138,1845,1385,1343,50951,2020,79.9385088393543,13.8611324622086,2.40840379195491,3.53574173712529,75.0677506775068,"021500"
"234",42101021700,"Census Tract 217, Philadelphia County, Pennsylvania",5943,1122,4253,264,97,2551,663,2065,46085,2020,71.5631835773179,18.879353861686,4.442200908632,1.6321723035504,25.9898079184633,"021700"
"235",42101038400,"Census Tract 384, Philadelphia County, Pennsylvania",2393,261,1988,54,45,1017,247,1039,40526,2020,83.0756372753866,10.9068115336398,2.25658169661513,1.88048474717927,24.2871189773845,"038400"
"236",42101038800,"Census Tract 388, Philadelphia County, Pennsylvania",3864,904,2598,108,63,1615,578,1459,56957,2020,67.2360248447205,23.3954451345756,2.79503105590062,1.6304347826087,35.7894736842105,"038800"
"237",42101023600,"Census Tract 236, Philadelphia County, Pennsylvania",2344,787,1367,42,35,1073,427,839,52843,2020,58.3191126279863,33.5750853242321,1.79180887372014,1.49317406143345,39.7949673811743,"023600"
"238",42101024400,"Census Tract 244, Philadelphia County, Pennsylvania",3453,2779,320,161,0,922,380,972,30576,2020,9.26730379380249,80.4807413843035,4.66261222125688,0,41.2147505422993,"024400"
"239",42101024600,"Census Tract 246, Philadelphia County, Pennsylvania",2722,2248,291,97,38,1180,276,513,20889,2020,10.6906686260103,82.5863335782513,3.5635562086701,1.39603232916973,23.3898305084746,"024600"
"240",42101024700,"Census Tract 247, Philadelphia County, Pennsylvania",3798,3296,336,153,16,1482,702,733,21092,2020,8.84676145339652,86.7825171142707,4.02843601895735,0.421274354923644,47.3684210526316,"024700"
"241",42101038900,"Census Tract 389, Philadelphia County, Pennsylvania",3634,3108,230,252,0,1171,321,835,16931,2020,6.32911392405063,85.5255916345625,6.93450742982939,0,27.4124679760888,"038900"
"242",42101001500,"Census Tract 15, Philadelphia County, Pennsylvania",3260,872,1925,185,315,1475,816,1250,56974,2020,59.0490797546012,26.7484662576687,5.67484662576687,9.66257668711656,55.3220338983051,"001500"
"243",42101002300,"Census Tract 23, Philadelphia County, Pennsylvania",2977,48,2162,247,699,1239,845,806,34943,2020,72.6234464225731,1.61236143768895,8.29694323144105,23.4800134363453,68.2001614205004,"002300"
"244",42101002802,"Census Tract 28.02, Philadelphia County, Pennsylvania",5772,510,3718,685,1351,2266,1480,1715,31703,2020,64.4144144144144,8.83575883575884,11.8676368676369,23.4060984060984,65.3133274492498,"002802"
"245",42101003002,"Census Tract 30.02, Philadelphia County, Pennsylvania",2961,1262,1095,273,275,1330,659,929,36652,2020,36.9807497467072,42.6207362377575,9.21985815602837,9.28740290442418,49.5488721804511,"003002"
"246",42101003200,"Census Tract 32, Philadelphia County, Pennsylvania",4100,2731,571,308,387,1541,645,995,20511,2020,13.9268292682927,66.609756097561,7.51219512195122,9.4390243902439,41.8559377027904,"003200"
"247",42101003600,"Census Tract 36, Philadelphia County, Pennsylvania",7109,4142,1537,97,1286,2441,837,1930,16997,2020,21.6204810803207,58.2641721761148,1.36446757631172,18.0897453931636,34.289225727161,"003600"
"248",42101036502,"Census Tract 365.02, Philadelphia County, Pennsylvania",4341,6,3765,465,173,1654,499,2007,49326,2020,86.7311679336558,0.138217000691085,10.7118175535591,3.98525685325962,30.1692865779927,"036502"
"249",42101004101,"Census Tract 41.01, Philadelphia County, Pennsylvania",4952,557,2027,1252,1843,1851,807,1245,25627,2020,40.9329563812601,11.2479806138934,25.2827140549273,37.2172859450727,43.5980551053485,"004101"
"250",42101004001,"Census Tract 40.01, Philadelphia County, Pennsylvania",4037,114,3009,871,303,1823,1531,939,37584,2020,74.5355461976715,2.82387911815705,21.5754272974981,7.50557344562794,83.9824465167307,"004001"
"251",42101035701,"Census Tract 357.01, Philadelphia County, Pennsylvania",4758,200,2636,315,1341,1853,1637,738,25373,2020,55.401429171921,4.20344682639765,6.62042875157629,28.1841109709962,88.3432271991365,"035701"
"252",42101006000,"Census Tract 60, Philadelphia County, Pennsylvania",6370,4600,449,373,474,2148,602,2001,25334,2020,7.04866562009419,72.2135007849294,5.85557299843014,7.44113029827315,28.0260707635009,"006000"
"253",42101006100,"Census Tract 61, Philadelphia County, Pennsylvania",2776,2449,144,10,174,1112,397,881,22500,2020,5.18731988472623,88.2204610951009,0.360230547550432,6.26801152737752,35.7014388489209,"006100"
"254",42101006600,"Census Tract 66, Philadelphia County, Pennsylvania",3370,2805,197,108,275,1185,553,313,13479,2020,5.84569732937686,83.2344213649852,3.20474777448071,8.16023738872404,46.6666666666667,"006600"
"255",42101007000,"Census Tract 70, Philadelphia County, Pennsylvania",3598,3496,29,0,38,1399,728,644,27173,2020,0.806003335186215,97.1650917176209,0,1.05614230127849,52.0371694067191,"007000"
"256",42101007101,"Census Tract 71.01, Philadelphia County, Pennsylvania",2710,2444,156,60,50,788,498,275,14688,2020,5.75645756457565,90.1845018450184,2.2140221402214,1.8450184501845,63.1979695431472,"007101"
"257",42101007700,"Census Tract 77, Philadelphia County, Pennsylvania",1946,325,1021,167,365,626,697,141,13824,2020,52.4665981500514,16.7009249743063,8.58170606372045,18.7564234326824,111.341853035144,"007700"
"258",42101008000,"Census Tract 80, Philadelphia County, Pennsylvania",3900,2755,859,131,69,1461,997,1009,32279,2020,22.025641025641,70.6410256410256,3.35897435897436,1.76923076923077,68.2409308692676,"008000"
"259",42101008301,"Census Tract 83.01, Philadelphia County, Pennsylvania",4751,4253,98,332,0,1520,473,1085,19910,2020,2.06272363712903,89.5179962113239,6.98800252578405,0,31.1184210526316,"008301"
"260",42101017601,"Census Tract 176.01, Philadelphia County, Pennsylvania",4584,345,1695,4167,0,1734,566,579,12552,2020,36.9764397905759,7.5261780104712,90.9031413612565,0,32.641291810842,"017601"
"261",42101008500,"Census Tract 85, Philadelphia County, Pennsylvania",6272,5155,690,219,116,2741,1659,1323,20741,2020,11.0012755102041,82.1906887755102,3.49170918367347,1.84948979591837,60.525355709595,"008500"
"262",42101009200,"Census Tract 92, Philadelphia County, Pennsylvania",3640,2458,542,144,321,1383,917,673,22500,2020,14.8901098901099,67.5274725274725,3.95604395604396,8.81868131868132,66.3051337671728,"009200"
"263",42101009801,"Census Tract 98.01, Philadelphia County, Pennsylvania",2372,2125,220,56,27,961,338,760,33735,2020,9.27487352445194,89.5868465430017,2.36087689713322,1.13827993254637,35.1716961498439,"009801"
"264",42101010000,"Census Tract 100, Philadelphia County, Pennsylvania",4972,4538,296,43,67,1598,658,1459,24286,2020,5.95333869670153,91.2711182622687,0.86484312148029,1.34754625905068,41.1764705882353,"010000"
"265",42101014300,"Census Tract 143, Philadelphia County, Pennsylvania",2021,100,1694,113,117,890,756,735,52338,2020,83.8198911429985,4.9480455220188,5.59129143988125,5.789213260762,84.9438202247191,"014300"
"266",42101015102,"Census Tract 151.02, Philadelphia County, Pennsylvania",4884,4711,23,145,35,1645,766,567,16484,2020,0.470925470925471,96.4578214578215,2.96887796887797,0.716625716625717,46.565349544073,"015102"
"267",42101015300,"Census Tract 153, Philadelphia County, Pennsylvania",3913,1607,1795,196,381,1031,1002,383,8573,2020,45.8727319192435,41.0682340914899,5.00894454382826,9.73677485305392,97.1871968962173,"015300"
"268",42101016100,"Census Tract 161, Philadelphia County, Pennsylvania",6255,299,3800,1468,964,2465,1412,2042,37564,2020,60.7513988808953,4.78017585931255,23.4692246203038,15.4116706634692,57.2819472616633,"016100"
"269",42101016902,"Census Tract 169.02, Philadelphia County, Pennsylvania",2847,2742,32,48,0,1729,491,494,18026,2020,1.12399016508606,96.3119072708114,1.68598524762908,0,28.3979178716021,"016902"
"270",42101016901,"Census Tract 169.01, Philadelphia County, Pennsylvania",3540,3457,56,47,27,1084,484,948,16835,2020,1.5819209039548,97.6553672316384,1.32768361581921,0.76271186440678,44.6494464944649,"016901"
"271",42101017100,"Census Tract 171, Philadelphia County, Pennsylvania",3240,3014,41,191,10,1546,451,794,20125,2020,1.26543209876543,93.0246913580247,5.89506172839506,0.308641975308642,29.1720569210867,"017100"
"272",42101002200,"Census Tract 22, Philadelphia County, Pennsylvania",2669,1409,1102,50,117,1115,802,879,36172,2020,41.2888722367928,52.7913076058449,1.87336080929187,4.38366429374297,71.9282511210762,"002200"
"273",42101001001,"Census Tract 10.01, Philadelphia County, Pennsylvania",2816,8,2658,65,77,1619,653,790,70481,2020,94.3892045454545,0.284090909090909,2.30823863636364,2.734375,40.3335392217418,"001001"
"274",42101980200,"Census Tract 9802, Philadelphia County, Pennsylvania",396,66,326,32,1,10,0,20,14778,2020,82.3232323232323,16.6666666666667,8.08080808080808,0.252525252525253,0,"980200"
"275",42101037300,"Census Tract 373, Philadelphia County, Pennsylvania",5632,539,4759,651,265,2638,1099,1701,46615,2020,84.4992897727273,9.5703125,11.5589488636364,4.70525568181818,41.6603487490523,"037300"
"276",42101010300,"Census Tract 103, Philadelphia County, Pennsylvania",2698,2642,32,31,0,913,615,482,24302,2020,1.18606375092661,97.9243884358784,1.14899925871016,0,67.3603504928806,"010300"
"277",42101034200,"Census Tract 342, Philadelphia County, Pennsylvania",3648,690,2761,296,111,1684,567,876,37624,2020,75.6853070175439,18.9144736842105,8.1140350877193,3.04276315789474,33.6698337292162,"034200"
"278",42101022000,"Census Tract 220, Philadelphia County, Pennsylvania",1474,178,1181,54,73,711,41,586,52219,2020,80.1221166892809,12.0759837177748,3.66350067842605,4.95251017639077,5.76652601969058,"022000"
"279",42101036000,"Census Tract 360, Philadelphia County, Pennsylvania",3512,411,2135,145,757,1209,281,1189,21428,2020,60.7915717539863,11.7027334851936,4.12870159453303,21.5546697038724,23.2423490488007,"036000"
"280",42101034501,"Census Tract 345.01, Philadelphia County, Pennsylvania",4852,1036,2895,588,560,2347,1537,513,29287,2020,59.6661170651278,21.3520197856554,12.118713932399,11.5416323165705,65.4878568385173,"034501"
"281",42101009500,"Census Tract 95, Philadelphia County, Pennsylvania",2996,2921,68,0,0,1462,574,495,NA,2020,2.26969292389853,97.4966622162884,0,0,39.2612859097127,"009500"
"282",42101014100,"Census Tract 141, Philadelphia County, Pennsylvania",2674,1832,496,109,257,1180,632,347,15577,2020,18.548990276739,68.511593118923,4.07629020194465,9.61106955871354,53.5593220338983,"014100"
"283",42101015600,"Census Tract 156, Philadelphia County, Pennsylvania",1561,459,531,964,16,464,244,318,16818,2020,34.0166559897502,29.4042280589366,61.7552850736707,1.02498398462524,52.5862068965517,"015600"
"284",42101024000,"Census Tract 240, Philadelphia County, Pennsylvania",3667,1901,1350,229,113,1801,1059,813,43276,2020,36.8148350149986,51.8407417507499,6.24488682847014,3.08153804199618,58.8006662965019,"024000"
"285",42101029300,"Census Tract 293, Philadelphia County, Pennsylvania",3048,602,1303,1419,0,1124,496,299,21538,2020,42.749343832021,19.750656167979,46.5551181102362,0,44.1281138790036,"029300"
"286",42101038000,"Census Tract 380, Philadelphia County, Pennsylvania",2649,216,1828,965,43,754,287,570,20861,2020,69.0071725179313,8.15402038505096,36.4288410721027,1.62325405813515,38.0636604774536,"038000"
"287",42101038600,"Census Tract 386, Philadelphia County, Pennsylvania",1410,220,1125,38,51,581,102,585,73438,2020,79.7872340425532,15.6028368794326,2.69503546099291,3.61702127659574,17.5559380378657,"038600"
"288",42101014201,"Census Tract 142.01, Philadelphia County, Pennsylvania",3735,356,3035,503,133,1600,1522,1234,67095,2020,81.2583668005355,9.53145917001339,13.4672021419009,3.56091030789826,95.125,"014201"
"289",42101980901,"Census Tract 9809.01, Philadelphia County, Pennsylvania",0,0,0,0,0,0,0,0,NA,2020,NA,NA,NA,NA,NA,"980901"
"290",42101000805,"Census Tract 8.05, Philadelphia County, Pennsylvania",2642,43,2056,119,357,1890,1683,381,64375,2020,77.8198334595004,1.62755488266465,4.50416351249054,13.5124905374716,89.047619047619,"000805"
"291",42101001302,"Census Tract 13.02, Philadelphia County, Pennsylvania",5213,1059,3746,233,232,2039,1562,1327,52242,2020,71.858814502206,20.3145981200844,4.46959524266257,4.45041243046231,76.6061794997548,"001302"
"292",42101980003,"Census Tract 9800.03, Philadelphia County, Pennsylvania",0,0,0,0,0,0,0,0,NA,2020,NA,NA,NA,NA,NA,"980003"
"293",42101980701,"Census Tract 9807.01, Philadelphia County, Pennsylvania",0,0,0,0,0,0,0,0,NA,2020,NA,NA,NA,NA,NA,"980701"
"294",42101016002,"Census Tract 160.02, Philadelphia County, Pennsylvania",4547,105,4107,496,169,2024,1010,1732,38918,2020,90.3232900813723,2.30921486694524,10.9082911809985,3.71673630965472,49.901185770751,"016002"
"295",42101004104,"Census Tract 41.04, Philadelphia County, Pennsylvania",4212,0,1518,895,2143,1267,627,880,23503,2020,36.039886039886,0,21.2488129154796,50.8784425451092,49.4869771112865,"004104"
"296",42101004103,"Census Tract 41.03, Philadelphia County, Pennsylvania",5244,94,705,2259,1951,1302,1235,976,14846,2020,13.4439359267735,1.79252479023646,43.0778032036613,37.2044241037376,94.8540706605223,"004103"
"297",42101989200,"Census Tract 9892, Philadelphia County, Pennsylvania",0,0,0,0,0,0,0,0,NA,2020,NA,NA,NA,NA,NA,"989200"
"298",42101036902,"Census Tract 369.02, Philadelphia County, Pennsylvania",6034,895,3581,390,1283,786,816,0,4175,2020,59.3470334769639,14.832615180643,6.46337421279417,21.2628438846536,103.81679389313,"036902"
"299",42101018802,"Census Tract 188.02, Philadelphia County, Pennsylvania",4884,1551,1184,3541,0,1229,1274,243,13832,2020,24.2424242424242,31.7567567567568,72.5020475020475,0,103.661513425549,"018802"
"300",42101039100,"Census Tract 391, Philadelphia County, Pennsylvania",3580,3403,105,88,25,1070,874,211,15251,2020,2.93296089385475,95.0558659217877,2.45810055865922,0.698324022346369,81.6822429906542,"039100"
"301",42101980500,"Census Tract 9805, Philadelphia County, Pennsylvania",0,0,0,0,0,0,0,0,NA,2020,NA,NA,NA,NA,NA,"980500"
"302",42101021900,"Census Tract 219, Philadelphia County, Pennsylvania",1445,61,1361,41,9,616,83,739,40000,2020,94.1868512110727,4.22145328719723,2.83737024221453,0.622837370242215,13.474025974026,"021900"
"303",42101016200,"Census Tract 162, Philadelphia County, Pennsylvania",2315,344,556,1760,207,744,350,397,21136,2020,24.0172786177106,14.8596112311015,76.0259179265659,8.94168466522678,47.0430107526882,"016200"
"304",42101001102,"Census Tract 11.02, Philadelphia County, Pennsylvania",2532,132,2102,45,211,1467,899,894,69875,2020,83.0173775671406,5.21327014218009,1.77725118483412,8.33333333333333,61.2815269256987,"001102"
"305",42101980800,"Census Tract 9808, Philadelphia County, Pennsylvania",0,0,0,0,0,0,0,0,NA,2020,NA,NA,NA,NA,NA,"980800"
"306",42101980300,"Census Tract 9803, Philadelphia County, Pennsylvania",0,0,0,0,0,0,0,0,NA,2020,NA,NA,NA,NA,NA,"980300"
"307",42101014500,"Census Tract 145, Philadelphia County, Pennsylvania",1962,1451,267,371,9,731,372,293,15564,2020,13.6085626911315,73.9551478083588,18.9092762487258,0.458715596330275,50.8891928864569,"014500"
"308",42101028500,"Census Tract 285, Philadelphia County, Pennsylvania",2877,1178,218,1237,421,1176,519,414,12462,2020,7.5773375043448,40.9454292665972,42.9961765728189,14.6332985749044,44.1326530612245,"028500"
"309",42101036303,"Census Tract 363.03, Philadelphia County, Pennsylvania",6609,63,6355,133,110,2219,220,2909,40363,2020,96.1567559388712,0.953245574216977,2.01240732334695,1.6643970343471,9.91437584497521,"036303"
"310",42101037200,"Census Tract 372, Philadelphia County, Pennsylvania",4241,189,2478,11,1243,1720,369,1497,31667,2020,58.4296156566847,4.45649610940816,0.259372789436454,29.3091252063193,21.453488372093,"037200"
"311",42101008802,"Census Tract 88.02, Philadelphia County, Pennsylvania",5956,1602,2813,558,1290,1292,1196,113,7312,2020,47.229684351914,26.8972464741437,9.36870382807253,21.6588314304903,92.5696594427245,"008802"
"312",42101010700,"Census Tract 107, Philadelphia County, Pennsylvania",3821,3541,235,81,0,1241,754,464,23145,2020,6.15022245485475,92.672075372939,2.11986390997121,0,60.7574536663981,"010700"
"313",42101011100,"Census Tract 111, Philadelphia County, Pennsylvania",3791,3516,117,36,3,1246,390,808,24500,2020,3.08625692429438,92.7459773146927,0.949617515167502,0.0791347929306252,31.3001605136437,"011100"
"314",42101011800,"Census Tract 118, Philadelphia County, Pennsylvania",5565,5240,148,104,69,2139,299,1578,21042,2020,2.65947888589398,94.1599281221923,1.86882300089847,1.23989218328841,13.9784946236559,"011800"
"315",42101013500,"Census Tract 135, Philadelphia County, Pennsylvania",4019,814,3063,218,77,1522,1139,1627,49704,2020,76.2129883055486,20.2537944762379,5.42423488429958,1.91589947748196,74.8357424441524,"013500"
"316",42101016600,"Census Tract 166, Philadelphia County, Pennsylvania",1998,1259,399,127,305,683,632,133,17621,2020,19.96996996997,63.013013013013,6.35635635635636,15.2652652652653,92.5329428989751,"016600"
"317",42101018300,"Census Tract 183, Philadelphia County, Pennsylvania",4092,3,3994,66,0,1530,260,1612,38468,2020,97.6050830889541,0.0733137829912024,1.61290322580645,0,16.9934640522876,"018300"
"318",42101019800,"Census Tract 198, Philadelphia County, Pennsylvania",6631,2006,1089,4444,262,2015,961,1179,15215,2020,16.4228623133766,30.2518473835017,67.0185492384256,3.95113859146433,47.6923076923077,"019800"
"319",42101021100,"Census Tract 211, Philadelphia County, Pennsylvania",2419,235,1832,290,83,1178,483,994,50134,2020,75.7337742868954,9.7147581645308,11.9884249689955,3.43116990491939,41.0016977928693,"021100"
"320",42101026301,"Census Tract 263.01, Philadelphia County, Pennsylvania",3772,3468,73,140,1,1502,359,1319,27909,2020,1.93531283138918,91.9406150583245,3.71155885471898,0.0265111346765642,23.901464713715,"026301"
"321",42101026700,"Census Tract 267, Philadelphia County, Pennsylvania",7298,7059,2,40,0,2440,841,2030,25197,2020,0.0274047684297068,96.72513017265,0.548095368594135,0,34.4672131147541,"026700"
"322",42101028700,"Census Tract 287, Philadelphia County, Pennsylvania",2784,542,491,2154,33,779,463,321,16346,2020,17.6364942528736,19.4683908045977,77.3706896551724,1.18534482758621,59.4351732991014,"028700"
"323",42101029800,"Census Tract 298, Philadelphia County, Pennsylvania",5303,2354,1849,1857,330,1881,746,1108,24326,2020,34.8670563831793,44.389967942674,35.0179143880822,6.22289270224401,39.6597554492291,"029800"
"324",42101031000,"Census Tract 310, Philadelphia County, Pennsylvania",7529,2181,2898,1235,1524,2095,1144,2227,22997,2020,38.4911674857219,28.967990436977,16.4032408022314,20.2417319697171,54.6062052505967,"031000"
"325",42101033800,"Census Tract 338, Philadelphia County, Pennsylvania",6858,395,5357,1144,242,2506,1178,2080,34237,2020,78.1131525226013,5.75969670457859,16.6812481773112,3.52872557596967,47.0071827613727,"033800"
"326",42101034400,"Census Tract 344, Philadelphia County, Pennsylvania",8083,738,5688,781,1221,2882,106,3723,37222,2020,70.3699121613262,9.13027341333663,9.66225411357169,15.1057775578374,3.67800138792505,"034400"
"327",42101034701,"Census Tract 347.01, Philadelphia County, Pennsylvania",7314,1251,4793,352,1126,2771,1072,2221,33260,2020,65.5318567131529,17.104183757178,4.81268799562483,15.3951326223681,38.6863948033201,"034701"
"328",42101035601,"Census Tract 356.01, Philadelphia County, Pennsylvania",5221,199,3793,678,652,2273,161,1884,31426,2020,72.648917831833,3.81153035816893,12.9860180042138,12.4880291131967,7.08315002199736,"035601"
"329",42101009600,"Census Tract 96, Philadelphia County, Pennsylvania",4118,3864,0,669,0,1606,894,778,24298,2020,0,93.8319572608062,16.2457503642545,0,55.6662515566625,"009600"
"330",42101013602,"Census Tract 136.02, Philadelphia County, Pennsylvania",4031,186,3127,126,197,1937,1590,1232,57500,2020,77.5738030265443,4.61423964276854,3.12577524187546,4.88712478293227,82.085699535364,"013602"
"331",42101016701,"Census Tract 167.01, Philadelphia County, Pennsylvania",3319,3122,120,83,0,1454,411,554,20921,2020,3.61554685146128,94.0644772521844,2.50075323892739,0,28.2668500687758,"016701"
"332",42101025500,"Census Tract 255, Philadelphia County, Pennsylvania",2775,1387,1042,32,93,1152,351,996,40455,2020,37.5495495495495,49.981981981982,1.15315315315315,3.35135135135135,30.46875,"025500"
"333",42101026200,"Census Tract 262, Philadelphia County, Pennsylvania",3792,3619,109,71,20,1559,494,1222,28363,2020,2.87447257383966,95.4377637130802,1.87236286919831,0.527426160337553,31.686978832585,"026200"
"334",42101028000,"Census Tract 280, Philadelphia County, Pennsylvania",4132,4055,56,37,1,1591,297,818,19811,2020,1.35527589545015,98.136495643756,0.895450145208132,0.0242013552758954,18.6675047140163,"028000"
"335",42101028902,"Census Tract 289.02, Philadelphia County, Pennsylvania",6906,1649,1766,4178,584,2006,1002,1603,16201,2020,25.5719664060237,23.8777874312192,60.4981175789169,8.45641471184477,49.950149551346,"028902"
"336",42101029900,"Census Tract 299, Philadelphia County, Pennsylvania",4531,2130,789,1789,48,1374,864,506,13063,2020,17.4133745310086,47.0094901787685,39.483557713529,1.05936879276098,62.882096069869,"029900"
"337",42101980100,"Census Tract 9801, Philadelphia County, Pennsylvania",45,0,33,0,0,16,7,16,NA,2020,73.3333333333333,0,0,0,43.75,"980100"
"338",42101038100,"Census Tract 381, Philadelphia County, Pennsylvania",961,177,565,194,2,340,161,199,20139,2020,58.792924037461,18.4183142559834,20.1873048907388,0.208116545265349,47.3529411764706,"038100"
"339",42101980902,"Census Tract 9809.02, Philadelphia County, Pennsylvania",0,0,0,0,0,0,0,0,NA,2020,NA,NA,NA,NA,NA,"980902"
"340",42101039001,"Census Tract 390.01, Philadelphia County, Pennsylvania",3915,1927,1031,1675,39,1150,405,1095,25647,2020,26.3346104725415,49.2209450830141,42.7841634738187,0.996168582375479,35.2173913043478,"039001"
"341",42101980002,"Census Tract 9800.02, Philadelphia County, Pennsylvania",50,24,15,7,0,0,0,0,NA,2020,30,48,14,0,NA,"980002"
"342",42101003300,"Census Tract 33, Philadelphia County, Pennsylvania",6417,2744,2872,907,440,2363,1951,1142,24372,2020,44.7561165653732,42.761414991429,14.1343306841203,6.85678666043322,82.5645366060093,"003300"
"343",42101006200,"Census Tract 62, Philadelphia County, Pennsylvania",4672,4257,244,125,149,1446,891,828,17243,2020,5.22260273972603,91.1172945205479,2.67551369863014,3.18921232876712,61.6182572614108,"006200"
"344",42101010900,"Census Tract 109, Philadelphia County, Pennsylvania",2749,2255,342,51,92,935,788,260,20355,2020,12.4408875954893,82.0298290287377,1.8552200800291,3.34667151691524,84.2780748663102,"010900"
"345",42101012000,"Census Tract 120, Philadelphia County, Pennsylvania",2132,1098,647,81,222,654,442,456,22955,2020,30.3470919324578,51.5009380863039,3.79924953095685,10.4127579737336,67.5840978593272,"012000"
"346",42101017201,"Census Tract 172.01, Philadelphia County, Pennsylvania",2576,2282,104,101,190,1358,493,509,26523,2020,4.03726708074534,88.5869565217391,3.92080745341615,7.37577639751553,36.3033873343152,"017201"
"347",42101020200,"Census Tract 202, Philadelphia County, Pennsylvania",4529,3813,252,158,8,2518,952,478,17201,2020,5.56414219474498,84.1907705895341,3.48862883638772,0.176639434753809,37.8077839555203,"020200"
"348",42101024500,"Census Tract 245, Philadelphia County, Pennsylvania",4344,4121,166,25,26,1541,880,677,14236,2020,3.82136279926335,94.8664825046041,0.575506445672192,0.598526703499079,57.1057754704737,"024500"
"349",42101028901,"Census Tract 289.01, Philadelphia County, Pennsylvania",4578,659,1081,3268,709,1229,454,1067,21728,2020,23.6129314110966,14.3949322848405,71.3848842289209,15.4871122761031,36.9406021155411,"028901"
"350",42101031501,"Census Tract 315.01, Philadelphia County, Pennsylvania",7134,369,4661,1153,1715,2237,659,2630,25476,2020,65.3350154191197,5.17241379310345,16.1620409307541,24.0398093636109,29.4590970049173,"031501"
"351",42101034803,"Census Tract 348.03, Philadelphia County, Pennsylvania",3854,76,3230,410,91,1496,141,1726,37346,2020,83.8090295796575,1.97197716658018,10.6382978723404,2.36118318629995,9.42513368983957,"034803"
"352",42101036301,"Census Tract 363.01, Philadelphia County, Pennsylvania",4351,57,2986,359,1117,1514,532,1310,24622,2020,68.6279016318088,1.31004366812227,8.25097678694553,25.672259250747,35.1387054161163,"036301"
"353",42101030600,"Census Tract 306, Philadelphia County, Pennsylvania",6851,2093,3153,1659,502,2608,583,2762,25751,2020,46.0224784702963,30.550284629981,24.2154430010218,7.32739746022478,22.3542944785276,"030600"
"354",42101033102,"Census Tract 331.02, Philadelphia County, Pennsylvania",3849,298,2961,597,54,1437,549,979,30625,2020,76.9290724863601,7.74227071966745,15.510522213562,1.40296180826189,38.2045929018789,"033102"
"355",42101036302,"Census Tract 363.02, Philadelphia County, Pennsylvania",3607,664,2792,383,0,1267,562,1196,31026,2020,77.4050457443859,18.4086498475187,10.618242306626,0,44.3567482241515,"036302"
"356",42101980904,"Census Tract 9809.04, Philadelphia County, Pennsylvania",0,0,0,0,0,0,0,0,NA,2020,NA,NA,NA,NA,NA,"980904"
"357",42101000403,"Census Tract 4.03, Philadelphia County, Pennsylvania",775,28,697,73,50,530,212,389,81799,2020,89.9354838709677,3.61290322580645,9.41935483870968,6.45161290322581,40,"000403"
"358",42101003901,"Census Tract 39.01, Philadelphia County, Pennsylvania",6429,742,4505,608,903,2869,1974,1546,31673,2020,70.073106237362,11.5414527920361,9.45714730129102,14.0457302846477,68.8044614848379,"003901"
"359",42101007900,"Census Tract 79, Philadelphia County, Pennsylvania",4044,988,2337,236,298,2072,1345,1368,47865,2020,57.7893175074184,24.431256181998,5.83580613254204,7.36894164193867,64.9131274131274,"007900"
"360",42101008801,"Census Tract 88.01, Philadelphia County, Pennsylvania",2073,240,1008,277,502,319,302,0,5849,2020,48.6251808972504,11.5774240231548,13.3622768933912,24.2161119150989,94.6708463949843,"008801"
"361",42101016500,"Census Tract 165, Philadelphia County, Pennsylvania",3121,2611,316,502,63,1067,648,411,12268,2020,10.1249599487344,83.6590836270426,16.0845882729894,2.01858378724768,60.7310215557638,"016500"
"362",42101037500,"Census Tract 375, Philadelphia County, Pennsylvania",3727,1598,1470,195,347,1345,364,1068,35034,2020,39.4419103836866,42.8763080225382,5.23209015293802,9.31043734907432,27.0631970260223,"037500"
"363",42101024100,"Census Tract 241, Philadelphia County, Pennsylvania",1415,1011,237,43,0,592,177,229,15345,2020,16.7491166077738,71.4487632508834,3.03886925795053,0,29.8986486486487,"024100"
"364",42101035702,"Census Tract 357.02, Philadelphia County, Pennsylvania",4330,26,3327,145,761,1667,1098,682,25298,2020,76.8360277136259,0.600461893764434,3.34872979214781,17.5750577367206,65.8668266346731,"035702"
"365",42101020000,"Census Tract 200, Philadelphia County, Pennsylvania",1420,1064,132,231,10,696,220,129,9345,2020,9.29577464788732,74.9295774647887,16.2676056338028,0.704225352112676,31.6091954022989,"020000"
"366",42101021400,"Census Tract 214, Philadelphia County, Pennsylvania",3779,347,3212,167,72,1768,1877,867,49892,2020,84.9960306959513,9.18232336596983,4.41915850754168,1.90526594337126,106.165158371041,"021400"
"367",42101025600,"Census Tract 256, Philadelphia County, Pennsylvania",2817,1082,1382,291,87,1141,397,1073,45991,2020,49.0592829250976,38.4096556620518,10.3301384451544,3.08839190628328,34.7940403155127,"025600"
"368",42101027100,"Census Tract 271, Philadelphia County, Pennsylvania",2786,1933,207,156,432,968,315,812,29441,2020,7.4300071787509,69.3826274228284,5.59942569992821,15.5061019382627,32.5413223140496,"027100"
"369",42101000102,"Census Tract 1.02, Philadelphia County, Pennsylvania",2988,184,2640,138,58,1837,1540,803,78058,2020,88.3534136546185,6.15796519410977,4.61847389558233,1.94109772423025,83.8323353293413,"000102"
"370",42101038301,"Census Tract 383.01, Philadelphia County, Pennsylvania",2745,960,985,1350,0,919,324,519,12728,2020,35.8834244080146,34.9726775956284,49.1803278688525,0,35.2557127312296,"038301"
"371",42101008102,"Census Tract 81.02, Philadelphia County, Pennsylvania",4786,3971,369,169,0,1979,530,1507,23750,2020,7.70998746343502,82.9711659005433,3.5311324697033,0,26.7812026275897,"008102"
"372",42101025700,"Census Tract 257, Philadelphia County, Pennsylvania",3997,1538,1953,292,191,2047,1485,584,44454,2020,48.861646234676,38.4788591443583,7.305479109332,4.77858393795347,72.5451880801172,"025700"
"373",42101033101,"Census Tract 331.01, Philadelphia County, Pennsylvania",5476,915,3764,543,347,1647,373,1702,26561,2020,68.736303871439,16.709276844412,9.91599707815924,6.33674214755296,22.6472374013358,"033101"
"374",42101000404,"Census Tract 4.04, Philadelphia County, Pennsylvania",3383,177,2814,37,350,2309,1522,652,67050,2020,83.1806089269879,5.23204256577003,1.09370381318357,10.3458468814662,65.9159809441317,"000404"
"375",42101007400,"Census Tract 74, Philadelphia County, Pennsylvania",4506,3223,478,72,94,1678,956,784,22457,2020,10.6080781180648,71.5268530847759,1.59786950732357,2.0861074123391,56.9725864123957,"007400"
"376",42101009802,"Census Tract 98.02, Philadelphia County, Pennsylvania",5660,4944,509,145,34,1971,413,2261,32196,2020,8.99293286219081,87.3498233215548,2.56183745583039,0.600706713780919,20.9538305428716,"009802"
"377",42101011900,"Census Tract 119, Philadelphia County, Pennsylvania",5213,4775,243,44,0,2015,622,1454,27851,2020,4.66142336466526,91.5979282562824,0.844043736811817,0,30.8684863523573,"011900"
"378",42101014400,"Census Tract 144, Philadelphia County, Pennsylvania",4648,458,3106,1264,300,2063,1815,1517,54936,2020,66.8244406196213,9.85370051635112,27.1944922547332,6.45438898450947,87.9786718371304,"014400"
"379",42101018002,"Census Tract 180.02, Philadelphia County, Pennsylvania",6276,73,4838,444,320,2336,712,1975,30679,2020,77.087316762269,1.16316124920331,7.07456978967495,5.09878903760357,30.4794520547945,"018002"
"380",42101025400,"Census Tract 254, Philadelphia County, Pennsylvania",4410,3718,441,118,25,1882,427,1514,33724,2020,10,84.3083900226757,2.67573696145125,0.566893424036281,22.6886291179596,"025400"
"381",42101028100,"Census Tract 281, Philadelphia County, Pennsylvania",4738,4171,324,176,0,1795,598,1423,26408,2020,6.83832840861123,88.0329252849304,3.71464753060363,0,33.3147632311978,"028100"
"382",42101031101,"Census Tract 311.01, Philadelphia County, Pennsylvania",4967,1716,931,1706,685,1600,798,1108,20891,2020,18.7437084759412,34.5480169116167,34.3466881417355,13.7910207368633,49.875,"031101"
"383",42101035900,"Census Tract 359, Philadelphia County, Pennsylvania",5352,104,3617,330,1177,2196,350,1812,26927,2020,67.5822122571002,1.94319880418535,6.16591928251121,21.99177877429,15.9380692167577,"035900"
"384",42101020600,"Census Tract 206, Philadelphia County, Pennsylvania",1770,322,1146,238,99,850,579,325,32153,2020,64.7457627118644,18.1920903954802,13.4463276836158,5.59322033898305,68.1176470588235,"020600"
"385",42101003100,"Census Tract 31, Philadelphia County, Pennsylvania",4575,2796,1287,372,140,2086,886,1159,31820,2020,28.1311475409836,61.1147540983607,8.13114754098361,3.06010928961749,42.4736337488015,"003100"
"386",42101017500,"Census Tract 175, Philadelphia County, Pennsylvania",6928,1670,2135,5169,0,2544,1072,1028,13011,2020,30.816974595843,24.1050808314088,74.6102771362587,0,42.1383647798742,"017500"
"387",42101000803,"Census Tract 8.03, Philadelphia County, Pennsylvania",2921,103,2361,129,323,1822,1227,769,59552,2020,80.8284833960972,3.52618966107497,4.41629578911332,11.0578568983225,67.3435784851811,"000803"
"388",42101026000,"Census Tract 260, Philadelphia County, Pennsylvania",3206,3050,81,21,0,1295,372,1051,32119,2020,2.52651278852152,95.134123518403,0.655021834061135,0,28.7258687258687,"026000"
"389",42101000901,"Census Tract 9.01, Philadelphia County, Pennsylvania",1976,124,1491,63,344,1464,1300,67,50376,2020,75.4554655870445,6.2753036437247,3.18825910931174,17.4089068825911,88.7978142076503,"000901"
"390",42101011000,"Census Tract 110, Philadelphia County, Pennsylvania",3346,2674,239,120,32,1329,394,354,13237,2020,7.14285714285714,79.9163179916318,3.58637178720861,0.956365809922295,29.6463506395786,"011000"
"391",42101032300,"Census Tract 323, Philadelphia County, Pennsylvania",3809,1480,1667,1002,0,1474,371,968,19556,2020,43.7647676555526,38.8553426096088,26.3061170911,0,25.1696065128901,"032300"
"392",42101008302,"Census Tract 83.02, Philadelphia County, Pennsylvania",4586,4411,65,86,0,1770,737,705,17228,2020,1.41735717400785,96.1840383776712,1.87527256868731,0,41.638418079096,"008302"
"393",42101002702,"Census Tract 27.02, Philadelphia County, Pennsylvania",4300,124,3680,325,167,1905,736,1743,47340,2020,85.5813953488372,2.88372093023256,7.55813953488372,3.88372093023256,38.6351706036745,"002702"
"394",42101012203,"Census Tract 122.03, Philadelphia County, Pennsylvania",791,142,162,82,272,533,419,0,51610,2020,20.480404551201,17.9519595448799,10.3666245259166,34.3868520859671,78.6116322701689,"012203"
"395",42101980001,"Census Tract 9800.01, Philadelphia County, Pennsylvania",0,0,0,0,0,0,0,0,NA,2020,NA,NA,NA,NA,NA,"980001"
"396",42101005400,"Census Tract 54, Philadelphia County, Pennsylvania",1552,1101,285,90,87,696,460,279,32378,2020,18.3634020618557,70.9407216494845,5.79896907216495,5.60567010309278,66.0919540229885,"005400"
"397",42101008602,"Census Tract 86.02, Philadelphia County, Pennsylvania",3126,1822,834,81,295,1417,1396,256,21000,2020,26.679462571977,58.2853486884197,2.59117082533589,9.43698016634677,98.5179957657022,"008602"
"398",42101013800,"Census Tract 138, Philadelphia County, Pennsylvania",1645,1021,441,48,40,778,477,360,30176,2020,26.8085106382979,62.0668693009119,2.91793313069909,2.43161094224924,61.3110539845758,"013800"
"399",42101989300,"Census Tract 9893, Philadelphia County, Pennsylvania",123,80,34,0,9,0,0,0,2499,2020,27.6422764227642,65.0406504065041,0,7.31707317073171,NA,"989300"
"400",42101032600,"Census Tract 326, Philadelphia County, Pennsylvania",7862,885,4710,1221,1011,2906,705,2726,31439,2020,59.9084202493004,11.2566776901552,15.5303993894683,12.8593233273976,24.2601514108741,"032600"
"401",42101036400,"Census Tract 364, Philadelphia County, Pennsylvania",999,147,792,89,8,249,19,236,27964,2020,79.2792792792793,14.7147147147147,8.90890890890891,0.800800800800801,7.63052208835341,"036400"
"402",42101019502,"Census Tract 195.02, Philadelphia County, Pennsylvania",3955,438,1357,3159,0,1192,470,379,12311,2020,34.3109987357775,11.0745891276865,79.8735777496839,0,39.4295302013423,"019502"
"403",42101021200,"Census Tract 212, Philadelphia County, Pennsylvania",2683,416,2023,145,92,1181,631,1197,46013,2020,75.4006708907939,15.5050316809542,5.40439806187104,3.42899739098025,53.4292972057578,"021200"
"404",42101025300,"Census Tract 253, Philadelphia County, Pennsylvania",4968,4247,552,0,61,1964,839,1575,30997,2020,11.1111111111111,85.487117552335,0,1.22785829307568,42.7189409368635,"025300"
"405",42101027200,"Census Tract 272, Philadelphia County, Pennsylvania",4746,3770,323,500,252,1836,505,1516,35513,2020,6.80573114201433,79.4353139485883,10.535187526338,5.30973451327434,27.5054466230937,"027200"
"406",42101000200,"Census Tract 2, Philadelphia County, Pennsylvania",3175,170,902,268,1898,1439,612,1259,32723,2020,28.4094488188976,5.35433070866142,8.44094488188976,59.7795275590551,42.5295343988881,"000200"
"407",42101037600,"Census Tract 376, Philadelphia County, Pennsylvania",3293,655,1625,404,698,1490,1296,563,41083,2020,49.3470999088977,19.890677194048,12.2684482235044,21.1964773762527,86.9798657718121,"037600"
"408",42101000801,"Census Tract 8.01, Philadelphia County, Pennsylvania",1631,26,1361,69,132,868,830,257,62229,2020,83.4457388105457,1.59411404046597,4.23053341508277,8.09319435928878,95.6221198156682,"000801"
